[
  {
    "id": "f27b7ac4-44a8-4975-a1c8-293ace3829f9",
    "data": [
      {
        "text": "I want to talk to LCDP Fun Trivia Challenge",
        "userDefined": false
      }
    ],
    "isTemplate": false,
    "count": 0,
    "updated": 0
  },
  {
    "id": "c64f648d-48a9-4062-9d88-32bd57f7e013",
    "data": [
      {
        "text": "Speak to LCDP Fun Trivia Challenge",
        "userDefined": false
      }
    ],
    "isTemplate": false,
    "count": 0,
    "updated": 0
  },
  {
    "id": "c56da0a0-2fc4-4cf8-8021-f5222315ad91",
    "data": [
      {
        "text": "Talk to LCDP Fun Trivia Challenge",
        "userDefined": false
      }
    ],
    "isTemplate": false,
    "count": 0,
    "updated": 0
  }
]