[
  {
    "id": "1f229b8a-47f8-4ac4-aadd-086a0048c915",
    "data": [
      {
        "text": "Martin",
        "userDefined": false
      }
    ],
    "isTemplate": false,
    "count": 0,
    "updated": 0
  },
  {
    "id": "0562a97d-6b05-4b52-a9bd-cfc52f7d6173",
    "data": [
      {
        "text": "Move to question ",
        "userDefined": false
      },
      {
        "text": "6",
        "alias": "number",
        "meta": "@sys.number",
        "userDefined": false
      }
    ],
    "isTemplate": false,
    "count": 0,
    "updated": 0
  }
]