[
  {
    "id": "b1346da7-1e89-4cdb-a1db-b16f3f98d1c3",
    "data": [
      {
        "text": "Move to question ",
        "userDefined": false
      },
      {
        "text": "4",
        "meta": "@sys.ignore",
        "userDefined": false
      }
    ],
    "isTemplate": false,
    "count": 0,
    "updated": 0
  },
  {
    "id": "08ea9d4d-a16c-4731-9961-71f4718e59d9",
    "data": [
      {
        "text": "Bogota",
        "userDefined": false
      }
    ],
    "isTemplate": false,
    "count": 0,
    "updated": 0
  }
]