[
  {
    "id": "ae5d151d-b568-4635-bc70-a6eef4320ed3",
    "data": [
      {
        "text": "Move to question ",
        "userDefined": false
      },
      {
        "text": "5",
        "alias": "number",
        "meta": "@sys.number",
        "userDefined": false
      }
    ],
    "isTemplate": false,
    "count": 0,
    "updated": 0
  },
  {
    "id": "28911ea5-f272-499e-8e96-9991bdb806fa",
    "data": [
      {
        "text": "27",
        "userDefined": false
      }
    ],
    "isTemplate": false,
    "count": 0,
    "updated": 0
  }
]