[
  {
    "id": "47410572-2aa8-458b-8eb8-11c9557e1b16",
    "data": [
      {
        "text": "Move to question ",
        "userDefined": false
      },
      {
        "text": "2",
        "alias": "number",
        "meta": "@sys.number",
        "userDefined": false
      }
    ],
    "isTemplate": false,
    "count": 0,
    "updated": 0
  },
  {
    "id": "54fca58f-1db6-4874-b9a0-98e4d42a3a5c",
    "data": [
      {
        "text": "Philippines",
        "userDefined": false
      }
    ],
    "isTemplate": false,
    "count": 0,
    "updated": 0
  }
]