[
  {
    "id": "ca9fa53f-c102-437a-9144-33985554563e",
    "data": [
      {
        "text": "Fake killing of hosatages",
        "userDefined": false
      }
    ],
    "isTemplate": false,
    "count": 0,
    "updated": 0
  },
  {
    "id": "35fbc342-8254-4891-b6c0-47b07eaf41fa",
    "data": [
      {
        "text": "Move to question ",
        "userDefined": false
      },
      {
        "text": "4",
        "alias": "answer",
        "meta": "@answer",
        "userDefined": false
      }
    ],
    "isTemplate": false,
    "count": 0,
    "updated": 0
  }
]