[
  {
    "id": "9de0a076-676b-40e4-9af0-6504f4901939",
    "data": [
      {
        "text": "Move to question ",
        "userDefined": false
      },
      {
        "text": "4",
        "alias": "answer",
        "meta": "@answer",
        "userDefined": false
      }
    ],
    "isTemplate": false,
    "count": 0,
    "updated": 0
  },
  {
    "id": "afab46f4-0115-4d17-a2ba-e4fff07a0bf7",
    "data": [
      {
        "text": "Professor",
        "userDefined": false
      }
    ],
    "isTemplate": false,
    "count": 0,
    "updated": 0
  }
]