[
  {
    "id": "37f4f3c5-b9df-4fb9-9a6b-bb3110b1a5f6",
    "data": [
      {
        "text": "Move to question ",
        "userDefined": false
      },
      {
        "text": "4",
        "meta": "@sys.ignore",
        "userDefined": false
      }
    ],
    "isTemplate": false,
    "count": 0,
    "updated": 0
  },
  {
    "id": "2bb23279-18ca-40cf-a358-e7d6da9d731e",
    "data": [
      {
        "text": "One Million Euros",
        "userDefined": false
      }
    ],
    "isTemplate": false,
    "count": 0,
    "updated": 0
  }
]