[
  {
    "id": "66a5e33c-6ae8-4537-ab8c-39b8f7fcaa85",
    "data": [
      {
        "text": "Move to question ",
        "userDefined": false
      },
      {
        "text": "5",
        "alias": "number",
        "meta": "@sys.number",
        "userDefined": false
      }
    ],
    "isTemplate": false,
    "count": 0,
    "updated": 0
  },
  {
    "id": "a8bd5c72-6da2-4662-b5a3-20b69d8c8681",
    "data": [
      {
        "text": "Guna Yala",
        "userDefined": false
      }
    ],
    "isTemplate": false,
    "count": 0,
    "updated": 0
  }
]