[
  {
    "id": "2052b32d-e761-433d-bab2-31f03771cbb6",
    "data": [
      {
        "text": "Risk Analytics Expert",
        "userDefined": false
      }
    ],
    "isTemplate": false,
    "count": 0,
    "updated": 0
  },
  {
    "id": "3ed24671-b6e6-45c4-a881-2982bbf386bc",
    "data": [
      {
        "text": "Move to question ",
        "userDefined": false
      },
      {
        "text": "5",
        "meta": "@sys.ignore",
        "userDefined": false
      }
    ],
    "isTemplate": false,
    "count": 0,
    "updated": 0
  }
]