[
  {
    "id": "ab525262-3441-414e-8d94-5a93c17fdf33",
    "data": [
      {
        "text": "Colonel ",
        "userDefined": false
      },
      {
        "text": "Rubio",
        "meta": "@sys.ignore",
        "userDefined": false
      }
    ],
    "isTemplate": false,
    "count": 0,
    "updated": 0
  },
  {
    "id": "2dd62324-0d5f-4466-bbb3-e463ee936647",
    "data": [
      {
        "text": "Colonel Prieto",
        "userDefined": false
      }
    ],
    "isTemplate": false,
    "count": 0,
    "updated": 0
  }
]