[
  {
    "id": "c6056b18-b2a2-4c2e-9da4-1303548ae498",
    "data": [
      {
        "text": "season hard",
        "userDefined": false
      }
    ],
    "isTemplate": false,
    "count": 0,
    "updated": 0
  },
  {
    "id": "8c82d1c9-aace-449f-af4f-28000eb8dc71",
    "data": [
      {
        "text": "hard",
        "userDefined": false
      }
    ],
    "isTemplate": false,
    "count": 0,
    "updated": 0
  },
  {
    "id": "7bd0d297-e746-44ca-90b1-acee359c828d",
    "data": [
      {
        "text": "Season 1 hard",
        "userDefined": false
      }
    ],
    "isTemplate": false,
    "count": 0,
    "updated": 0
  }
]