[
  {
    "id": "ceb55276-9212-4e53-9f8f-2938a9fc54d7",
    "data": [
      {
        "text": "8",
        "alias": "number",
        "meta": "@sys.number",
        "userDefined": false
      }
    ],
    "isTemplate": false,
    "count": 0,
    "updated": 0
  },
  {
    "id": "4a65e195-87ea-4f9b-8286-75516cbefd6d",
    "data": [
      {
        "text": "20",
        "alias": "number",
        "meta": "@sys.number",
        "userDefined": false
      }
    ],
    "isTemplate": false,
    "count": 0,
    "updated": 0
  }
]