[
  {
    "id": "84b49571-c37b-4343-aac0-bdab692d1f9b",
    "data": [
      {
        "text": "Move to question ",
        "userDefined": false
      },
      {
        "text": "3",
        "alias": "number",
        "meta": "@sys.number",
        "userDefined": false
      }
    ],
    "isTemplate": false,
    "count": 0,
    "updated": 0
  },
  {
    "id": "b5c6a7c6-8d3c-4347-9128-b016961be677",
    "data": [
      {
        "text": "berlin",
        "userDefined": false
      }
    ],
    "isTemplate": false,
    "count": 0,
    "updated": 0
  },
  {
    "id": "1c657798-c08a-455d-9f9f-231914f206fd",
    "data": [
      {
        "text": "tokyo",
        "userDefined": false
      }
    ],
    "isTemplate": false,
    "count": 0,
    "updated": 0
  },
  {
    "id": "608a0ee8-0943-4a5a-8139-d080e4edec58",
    "data": [
      {
        "text": "Tokyo and Berlin",
        "userDefined": false
      }
    ],
    "isTemplate": false,
    "count": 0,
    "updated": 0
  }
]