[
  {
    "id": "85950293-de80-4186-a3b2-4794aa2784a0",
    "data": [
      {
        "text": "Move to question ",
        "userDefined": false
      },
      {
        "text": "2",
        "alias": "number",
        "meta": "@sys.number",
        "userDefined": false
      }
    ],
    "isTemplate": false,
    "count": 0,
    "updated": 0
  },
  {
    "id": "54860ea4-099a-44eb-a817-190a7000f9c0",
    "data": [
      {
        "text": "Your Lover Boy",
        "userDefined": false
      }
    ],
    "isTemplate": false,
    "count": 0,
    "updated": 0
  }
]