[
  {
    "id": "a856e4fc-f5ab-4a16-a2b4-b38a379c2907",
    "data": [
      {
        "text": "British ambassador\u0027s kid",
        "userDefined": false
      }
    ],
    "isTemplate": false,
    "count": 0,
    "updated": 0
  },
  {
    "id": "6e0ceadd-7b2f-4178-8ae8-4b6fa699d98f",
    "data": [
      {
        "text": "kid of British ambassador",
        "userDefined": false
      }
    ],
    "isTemplate": false,
    "count": 0,
    "updated": 0
  },
  {
    "id": "fd2cadb6-20b3-448f-a400-6f897d31433b",
    "data": [
      {
        "text": "Want to play again?",
        "userDefined": false
      }
    ],
    "isTemplate": false,
    "count": 0,
    "updated": 0
  }
]