[
  {
    "id": "bf3dfe93-7154-40f8-8f93-4fb82495b279",
    "data": [
      {
        "text": "Cider factory owner",
        "userDefined": false
      }
    ],
    "isTemplate": false,
    "count": 0,
    "updated": 0
  },
  {
    "id": "af00367d-f62f-479b-bb23-7612c8f93de6",
    "data": [
      {
        "text": "Move to question ",
        "userDefined": false
      },
      {
        "text": "6",
        "alias": "number",
        "meta": "@sys.number",
        "userDefined": false
      }
    ],
    "isTemplate": false,
    "count": 0,
    "updated": 0
  }
]