[
  {
    "id": "babdb1ce-f7e4-4f88-adec-fa3f6977c78e",
    "data": [
      {
        "text": "hard",
        "userDefined": false
      }
    ],
    "isTemplate": false,
    "count": 0,
    "updated": 0
  },
  {
    "id": "2142cad8-8c6c-479a-936c-1cd0db762891",
    "data": [
      {
        "text": "season 3 hard",
        "userDefined": false
      }
    ],
    "isTemplate": false,
    "count": 0,
    "updated": 0
  },
  {
    "id": "05a93082-62da-4fae-a342-7ef6cf128bfe",
    "data": [
      {
        "text": "season hard",
        "userDefined": false
      }
    ],
    "isTemplate": false,
    "count": 0,
    "updated": 0
  }
]