[
  {
    "id": "172f9b29-3917-4a2b-8cb9-23771ec35657",
    "data": [
      {
        "text": "Move to question ",
        "userDefined": false
      },
      {
        "text": "5",
        "alias": "number",
        "meta": "@sys.number",
        "userDefined": false
      }
    ],
    "isTemplate": false,
    "count": 0,
    "updated": 0
  },
  {
    "id": "21abe493-798b-4511-ac75-aec7ff3a4427",
    "data": [
      {
        "text": "Palermo",
        "userDefined": false
      }
    ],
    "isTemplate": false,
    "count": 0,
    "updated": 0
  }
]