[
  {
    "id": "96c3a617-11f4-41eb-af06-ecb29164f42c",
    "data": [
      {
        "text": "April 27th, 2018",
        "meta": "@sys.ignore",
        "userDefined": false
      }
    ],
    "isTemplate": false,
    "count": 0,
    "updated": 0
  },
  {
    "id": "e189d145-49a8-44b1-9feb-d6f563f93f8f",
    "data": [
      {
        "text": "April 8th, 2017",
        "meta": "@sys.ignore",
        "userDefined": false
      }
    ],
    "isTemplate": false,
    "count": 0,
    "updated": 0
  }
]