[
  {
    "id": "a42f6817-4067-4e99-b44b-92fc8b90f460",
    "data": [
      {
        "text": "Move to question ",
        "userDefined": false
      },
      {
        "text": "5",
        "meta": "@sys.ignore",
        "userDefined": false
      }
    ],
    "isTemplate": false,
    "count": 0,
    "updated": 0
  },
  {
    "id": "f44a9d11-820e-4ebb-9867-dcc010663762",
    "data": [
      {
        "text": "Seven",
        "meta": "@sys.ignore",
        "userDefined": false
      }
    ],
    "isTemplate": false,
    "count": 0,
    "updated": 0
  }
]