[
  {
    "id": "0eaafaf2-b354-442a-a55e-c3b59024b97d",
    "data": [
      {
        "text": "Move to question ",
        "userDefined": false
      },
      {
        "text": "3",
        "alias": "number",
        "meta": "@sys.number",
        "userDefined": false
      }
    ],
    "isTemplate": false,
    "count": 0,
    "updated": 0
  },
  {
    "id": "a4f1f514-8b69-4d4f-bae9-ad379f1e1ebe",
    "data": [
      {
        "text": "Madrid",
        "userDefined": false
      }
    ],
    "isTemplate": false,
    "count": 0,
    "updated": 0
  }
]