[
  {
    "id": "b4592ac4-466b-4395-949d-bf297365dd3b",
    "data": [
      {
        "text": "Marseille",
        "userDefined": false
      }
    ],
    "isTemplate": false,
    "count": 0,
    "updated": 0
  },
  {
    "id": "4feaa466-06ec-4069-984a-9fec5430050f",
    "data": [
      {
        "text": "Move to question ",
        "userDefined": false
      },
      {
        "text": "3",
        "alias": "number",
        "meta": "@sys.number",
        "userDefined": false
      }
    ],
    "isTemplate": false,
    "count": 0,
    "updated": 0
  }
]