[
  {
    "id": "63c38967-1d4d-44a4-8039-a6ceb333c2c9",
    "data": [
      {
        "text": "Afghanistan",
        "alias": "geo-country",
        "meta": "@sys.geo-country",
        "userDefined": false
      }
    ],
    "isTemplate": false,
    "count": 0,
    "updated": 0
  },
  {
    "id": "bf25feb1-cd23-4357-850a-0b8f28a00738",
    "data": [
      {
        "text": "Syria",
        "alias": "geo-country",
        "meta": "@sys.geo-country",
        "userDefined": false
      }
    ],
    "isTemplate": false,
    "count": 0,
    "updated": 0
  }
]