[
  {
    "id": "544155b8-eb7c-4b78-8e66-bae2bd50525a",
    "data": [
      {
        "text": "Move to question ",
        "userDefined": false
      },
      {
        "text": "2",
        "meta": "@sys.ignore",
        "userDefined": false
      }
    ],
    "isTemplate": false,
    "count": 0,
    "updated": 0
  },
  {
    "id": "1989395d-e3c5-4d7e-83ac-743cd6ad0c7e",
    "data": [
      {
        "text": "Manila",
        "userDefined": false
      }
    ],
    "isTemplate": false,
    "count": 0,
    "updated": 0
  }
]