[
  {
    "id": "bfae2839-dfab-4ced-b708-084416fe59f5",
    "data": [
      {
        "text": "Move to question ",
        "userDefined": false
      },
      {
        "text": "3",
        "alias": "number",
        "meta": "@sys.number",
        "userDefined": false
      }
    ],
    "isTemplate": false,
    "count": 0,
    "updated": 0
  },
  {
    "id": "6c7a616f-0107-481b-9c03-f44d59b0f238",
    "data": [
      {
        "text": "Maserati",
        "userDefined": false
      }
    ],
    "isTemplate": false,
    "count": 0,
    "updated": 0
  }
]