[
  {
    "id": "57c8f060-62ba-4b54-933f-353c6bdf1871",
    "data": [
      {
        "text": "460 Kilos",
        "alias": "unit-weight",
        "meta": "@sys.unit-weight",
        "userDefined": false
      }
    ],
    "isTemplate": false,
    "count": 0,
    "updated": 0
  },
  {
    "id": "db0bfd70-11b2-46c6-965c-1719054a310b",
    "data": [
      {
        "text": "Move to question ",
        "userDefined": false
      },
      {
        "text": "5",
        "alias": "number",
        "meta": "@sys.number",
        "userDefined": false
      }
    ],
    "isTemplate": false,
    "count": 0,
    "updated": 0
  }
]