[
  {
    "id": "fdbec71d-a00d-401f-ae08-3bd55dd42ef6",
    "data": [
      {
        "text": "3 Million Swiss Franc",
        "meta": "@sys.ignore",
        "userDefined": false
      }
    ],
    "isTemplate": false,
    "count": 0,
    "updated": 0
  },
  {
    "id": "63bf64e0-0bb2-4da4-bc51-63e6bdd348ed",
    "data": [
      {
        "text": "2.5 Million Euros",
        "meta": "@sys.ignore",
        "userDefined": false
      }
    ],
    "isTemplate": false,
    "count": 0,
    "updated": 0
  }
]