[
  {
    "id": "cac584d7-f12e-44a9-b99b-07f5d8ba7f86",
    "data": [
      {
        "text": "quit",
        "userDefined": false
      }
    ],
    "isTemplate": false,
    "count": 0,
    "updated": 0
  },
  {
    "id": "3fda35f3-dc5f-46db-8385-c615b48354b3",
    "data": [
      {
        "text": "exit",
        "userDefined": false
      }
    ],
    "isTemplate": false,
    "count": 0,
    "updated": 0
  },
  {
    "id": "8c1a2a41-fe4c-42f9-9ff8-833e35728882",
    "data": [
      {
        "text": "No thank you",
        "userDefined": false
      }
    ],
    "isTemplate": false,
    "count": 0,
    "updated": 0
  },
  {
    "id": "2533b4c1-c5db-4ecc-aba2-442f7ed5a735",
    "data": [
      {
        "text": "No",
        "userDefined": false
      }
    ],
    "isTemplate": false,
    "count": 0,
    "updated": 0
  }
]