[
  {
    "id": "e8a01af8-06e2-4b5c-904f-67eb1357deca",
    "data": [
      {
        "text": "hard",
        "userDefined": false
      }
    ],
    "isTemplate": false,
    "count": 0,
    "updated": 0
  },
  {
    "id": "bfd1b38e-c810-4851-b15d-287691a3b527",
    "data": [
      {
        "text": "Season ",
        "userDefined": false
      },
      {
        "text": "2",
        "alias": "number",
        "meta": "@sys.number",
        "userDefined": false
      },
      {
        "text": " hard",
        "userDefined": false
      }
    ],
    "isTemplate": false,
    "count": 0,
    "updated": 0
  }
]