[
  {
    "id": "9308961d-e066-499a-86eb-a1e5cd8cc4fd",
    "data": [
      {
        "text": "Move to question ",
        "userDefined": false
      },
      {
        "text": "4",
        "meta": "@sys.ignore",
        "userDefined": false
      }
    ],
    "isTemplate": false,
    "count": 1,
    "updated": 0
  },
  {
    "id": "2cae297d-1a8d-46fb-89b8-6e16345e9c0a",
    "data": [
      {
        "text": "May 2nd, 2017",
        "meta": "@sys.ignore",
        "userDefined": false
      }
    ],
    "isTemplate": false,
    "count": 0,
    "updated": 0
  }
]