[
  {
    "id": "c14db76e-be42-4d9c-8fc6-882daee30d63",
    "data": [
      {
        "text": "Move to question ",
        "userDefined": false
      },
      {
        "text": "3",
        "meta": "@sys.ignore",
        "userDefined": false
      }
    ],
    "isTemplate": false,
    "count": 0,
    "updated": 0
  },
  {
    "id": "1836361f-9804-4486-bbb8-9d72aa6766d8",
    "data": [
      {
        "text": "Tatiana",
        "userDefined": false
      }
    ],
    "isTemplate": false,
    "count": 0,
    "updated": 0
  }
]