[
  {
    "id": "32e1824f-2b90-4a4f-ad35-9c76dc77a756",
    "data": [
      {
        "text": "Move to question ",
        "userDefined": false
      },
      {
        "text": "2",
        "alias": "number",
        "meta": "@sys.number",
        "userDefined": false
      }
    ],
    "isTemplate": false,
    "count": 0,
    "updated": 0
  },
  {
    "id": "7bfcb490-a1c5-418c-9e36-7d8b04b9e19a",
    "data": [
      {
        "text": "Alzheimer\u0027s disease",
        "userDefined": false
      }
    ],
    "isTemplate": false,
    "count": 0,
    "updated": 0
  }
]