[
  {
    "id": "873bbbf0-2a7f-4383-9843-9b87538de664",
    "data": [
      {
        "text": "Move to question ",
        "userDefined": false
      },
      {
        "text": "2",
        "alias": "number",
        "meta": "@sys.number",
        "userDefined": false
      }
    ],
    "isTemplate": false,
    "count": 1,
    "updated": 0
  },
  {
    "id": "94219b99-f292-4cbf-9b9d-20c7d339930d",
    "data": [
      {
        "text": "Augesten Ramos",
        "userDefined": false
      }
    ],
    "isTemplate": false,
    "count": 0,
    "updated": 0
  }
]