[
  {
    "id": "cdcf571c-e46c-4477-929f-149c116b2f28",
    "data": [
      {
        "text": "Season4",
        "userDefined": false
      }
    ],
    "isTemplate": false,
    "count": 0,
    "updated": 0
  },
  {
    "id": "97daf701-8274-43c4-9d30-42aea95475b6",
    "data": [
      {
        "text": "Season ",
        "userDefined": false
      },
      {
        "text": "4",
        "meta": "@sys.ignore",
        "userDefined": false
      }
    ],
    "isTemplate": false,
    "count": 0,
    "updated": 0
  }
]