[
  {
    "id": "d4ca9e63-30f7-4f98-a38c-07fcbf6f379e",
    "data": [
      {
        "text": "Ti Amo",
        "userDefined": false
      }
    ],
    "isTemplate": false,
    "count": 0,
    "updated": 0
  },
  {
    "id": "0c3fb7ea-07b4-44fe-aea0-4941677716bb",
    "data": [
      {
        "text": "Move to question ",
        "userDefined": false
      },
      {
        "text": "7",
        "alias": "number",
        "meta": "@sys.number",
        "userDefined": false
      }
    ],
    "isTemplate": false,
    "count": 0,
    "updated": 0
  }
]