[
  {
    "id": "712e4fdb-f8cb-417a-b5c4-f270204846ce",
    "data": [
      {
        "text": "Season ",
        "userDefined": false
      },
      {
        "text": "4",
        "alias": "number",
        "meta": "@sys.number",
        "userDefined": false
      },
      {
        "text": " medium",
        "userDefined": false
      }
    ],
    "isTemplate": false,
    "count": 0,
    "updated": 0
  },
  {
    "id": "75e135c5-a424-4355-9746-f559b8ed7eab",
    "data": [
      {
        "text": "Medium",
        "userDefined": false
      }
    ],
    "isTemplate": false,
    "count": 0,
    "updated": 0
  }
]