[
  {
    "id": "ed751877-554c-40cd-8bd1-872148b5b772",
    "data": [
      {
        "text": "Move to question ",
        "userDefined": false
      },
      {
        "text": "4",
        "alias": "answer",
        "meta": "@answer",
        "userDefined": false
      }
    ],
    "isTemplate": false,
    "count": 0,
    "updated": 0
  },
  {
    "id": "ab5251c5-bcc9-4a8c-a864-75720e9d8469",
    "data": [
      {
        "text": "sixteen",
        "alias": "answer",
        "meta": "@answer",
        "userDefined": false
      }
    ],
    "isTemplate": false,
    "count": 0,
    "updated": 0
  },
  {
    "id": "515e02be-bf2a-4052-bed2-d96fed49f1b7",
    "data": [
      {
        "text": "16",
        "alias": "answer",
        "meta": "@answer",
        "userDefined": false
      }
    ],
    "isTemplate": false,
    "count": 0,
    "updated": 0
  }
]