[
  {
    "id": "d21e1edf-8d81-47c4-ab77-7a15a5e93c24",
    "data": [
      {
        "text": "Move to question ",
        "userDefined": false
      },
      {
        "text": "5",
        "alias": "number",
        "meta": "@sys.number",
        "userDefined": false
      }
    ],
    "isTemplate": false,
    "count": 0,
    "updated": 0
  },
  {
    "id": "07b83551-4e87-4bd6-bf1b-98c6f172f612",
    "data": [
      {
        "text": "Paula",
        "userDefined": false
      }
    ],
    "isTemplate": false,
    "count": 0,
    "updated": 0
  }
]