[
  {
    "id": "35f338c8-efa5-41c7-bb75-4c1d5c1ec700",
    "data": [
      {
        "text": "Yeah sure",
        "userDefined": false
      }
    ],
    "isTemplate": false,
    "count": 0,
    "updated": 0
  },
  {
    "id": "fdba2138-728a-483e-91a1-0082b6af9c05",
    "data": [
      {
        "text": "Yes I would like to play",
        "userDefined": false
      }
    ],
    "isTemplate": false,
    "count": 0,
    "updated": 0
  },
  {
    "id": "984c11d7-0466-49cc-85d4-f0b534b3b196",
    "data": [
      {
        "text": "Yes sure",
        "userDefined": false
      }
    ],
    "isTemplate": false,
    "count": 0,
    "updated": 0
  },
  {
    "id": "f00721ee-ed85-4e7d-bf43-c849f2fbd321",
    "data": [
      {
        "text": "Yeah",
        "userDefined": false
      }
    ],
    "isTemplate": false,
    "count": 0,
    "updated": 0
  },
  {
    "id": "0b556fbb-bd2f-48b0-8e44-73debe854421",
    "data": [
      {
        "text": "Yes",
        "userDefined": false
      }
    ],
    "isTemplate": false,
    "count": 0,
    "updated": 0
  }
]