[
  {
    "id": "c55c93a6-886b-49e6-a2cf-11be74ee5e47",
    "data": [
      {
        "text": "Move to question ",
        "userDefined": false
      },
      {
        "text": "3",
        "alias": "number",
        "meta": "@sys.number",
        "userDefined": false
      }
    ],
    "isTemplate": false,
    "count": 0,
    "updated": 0
  },
  {
    "id": "a0bca7d1-eae7-4c84-93aa-109159749db6",
    "data": [
      {
        "text": "Urgencias",
        "userDefined": false
      }
    ],
    "isTemplate": false,
    "count": 0,
    "updated": 0
  }
]