[
  {
    "id": "0e406489-56dc-4d99-93ba-9f1cc638ea7d",
    "data": [
      {
        "text": "Move to question ",
        "userDefined": false
      },
      {
        "text": "3",
        "alias": "number",
        "meta": "@sys.number",
        "userDefined": false
      }
    ],
    "isTemplate": false,
    "count": 0,
    "updated": 0
  },
  {
    "id": "075c2c12-e26e-44f6-a466-dfbbeef1c5ba",
    "data": [
      {
        "text": "1",
        "userDefined": false
      }
    ],
    "isTemplate": false,
    "count": 0,
    "updated": 0
  },
  {
    "id": "1d73e5b1-8812-4bb7-81b2-9ce3591114cf",
    "data": [
      {
        "text": "One",
        "userDefined": false
      }
    ],
    "isTemplate": false,
    "count": 0,
    "updated": 0
  }
]