[
  {
    "id": "4a1b546a-3ec1-444d-970b-17334e9dbb39",
    "data": [
      {
        "text": "Move to question ",
        "userDefined": false
      },
      {
        "text": "5",
        "alias": "number",
        "meta": "@sys.number",
        "userDefined": false
      }
    ],
    "isTemplate": false,
    "count": 0,
    "updated": 0
  },
  {
    "id": "47261a27-7cb6-4c05-9d8b-b3f66777a931",
    "data": [
      {
        "text": "glasses",
        "userDefined": false
      }
    ],
    "isTemplate": false,
    "count": 0,
    "updated": 0
  },
  {
    "id": "149366e2-d550-4db0-894e-8785b1a1c757",
    "data": [
      {
        "text": "The glasses",
        "userDefined": false
      }
    ],
    "isTemplate": false,
    "count": 0,
    "updated": 0
  }
]