[
  {
    "id": "aa05a817-849c-403e-9336-4587eef618f9",
    "data": [
      {
        "text": "An island in ",
        "userDefined": false
      },
      {
        "text": "Thailand",
        "alias": "geo-country",
        "meta": "@sys.geo-country",
        "userDefined": false
      }
    ],
    "isTemplate": false,
    "count": 0,
    "updated": 0
  },
  {
    "id": "04b750b7-cbc3-4817-b7c7-84fc917edcad",
    "data": [
      {
        "text": "Move to question ",
        "userDefined": false
      },
      {
        "text": "2",
        "alias": "number",
        "meta": "@sys.number",
        "userDefined": false
      }
    ],
    "isTemplate": false,
    "count": 0,
    "updated": 0
  }
]