[
  {
    "id": "acebed5b-16f0-4614-b252-31909e633df2",
    "data": [
      {
        "text": "Want to play again?",
        "userDefined": false
      }
    ],
    "isTemplate": false,
    "count": 0,
    "updated": 0
  },
  {
    "id": "251d3e11-b68b-4937-a547-0098406f01a4",
    "data": [
      {
        "text": "Sea",
        "userDefined": false
      }
    ],
    "isTemplate": false,
    "count": 0,
    "updated": 0
  },
  {
    "id": "8c6de13c-d36b-4b35-bcfe-6cd2e91cbef9",
    "data": [
      {
        "text": "Ocean",
        "userDefined": false
      }
    ],
    "isTemplate": false,
    "count": 0,
    "updated": 0
  },
  {
    "id": "8609cab0-3eb7-49d8-a73f-8d04eff836d1",
    "data": [
      {
        "text": "Oceans",
        "userDefined": false
      }
    ],
    "isTemplate": false,
    "count": 0,
    "updated": 0
  }
]