[
  {
    "id": "bb36f76b-5f89-4e2e-bdc0-2b8090f84c06",
    "data": [
      {
        "text": "Move to question ",
        "userDefined": false
      },
      {
        "text": "3",
        "meta": "@sys.ignore",
        "userDefined": false
      }
    ],
    "isTemplate": false,
    "count": 0,
    "updated": 0
  },
  {
    "id": "61533f96-8f47-49bf-897e-8b7cd3eeeb62",
    "data": [
      {
        "text": "Tokyo",
        "userDefined": false
      }
    ],
    "isTemplate": false,
    "count": 0,
    "updated": 0
  }
]