[
  {
    "id": "28b7ad62-896a-4d21-a338-d66ac250bbd1",
    "data": [
      {
        "text": "Move to question ",
        "userDefined": false
      },
      {
        "text": "4",
        "alias": "answer",
        "meta": "@answer",
        "userDefined": false
      }
    ],
    "isTemplate": false,
    "count": 0,
    "updated": 0
  },
  {
    "id": "e5a11f00-0a65-446b-884d-f353c8d311f9",
    "data": [
      {
        "text": "Álvaro Morte",
        "userDefined": false
      }
    ],
    "isTemplate": false,
    "count": 0,
    "updated": 0
  }
]