[
  {
    "id": "8fbb5881-bbf4-414d-8010-83c3c1798e04",
    "data": [
      {
        "text": "Chinese Blackmarket",
        "userDefined": false
      }
    ],
    "isTemplate": false,
    "count": 0,
    "updated": 0
  },
  {
    "id": "fe3fe3f3-a28c-4454-9375-703c800a4a7c",
    "data": [
      {
        "text": "Poland",
        "alias": "geo-country",
        "meta": "@sys.geo-country",
        "userDefined": false
      }
    ],
    "isTemplate": false,
    "count": 0,
    "updated": 0
  }
]