[
  {
    "id": "56008403-180c-440f-8e00-746a9c298dcb",
    "data": [
      {
        "text": "Move to question ",
        "userDefined": false
      },
      {
        "text": "3",
        "alias": "number",
        "meta": "@sys.number",
        "userDefined": false
      }
    ],
    "isTemplate": false,
    "count": 0,
    "updated": 0
  },
  {
    "id": "36b9382b-0dd3-49fe-ae1a-52665c145913",
    "data": [
      {
        "text": "Najwa Nimri",
        "userDefined": false
      }
    ],
    "isTemplate": false,
    "count": 0,
    "updated": 0
  }
]