[
  {
    "id": "57f04a37-dcbb-4c35-b530-a4dac562f6e8",
    "data": [
      {
        "text": "Blackmarket",
        "userDefined": false
      }
    ],
    "isTemplate": false,
    "count": 0,
    "updated": 0
  },
  {
    "id": "b897a5eb-0268-48b2-bdcf-08b9226b7dc3",
    "data": [
      {
        "text": "Move to question ",
        "userDefined": false
      },
      {
        "text": "3",
        "alias": "number",
        "meta": "@sys.number",
        "userDefined": false
      }
    ],
    "isTemplate": false,
    "count": 0,
    "updated": 0
  }
]