[
  {
    "id": "67e0a4fb-5218-4316-9edc-7ce6e156a823",
    "data": [
      {
        "text": "Nairobi and Helsinki",
        "userDefined": false
      }
    ],
    "isTemplate": false,
    "count": 0,
    "updated": 0
  },
  {
    "id": "af4bb0b8-ed17-4682-8577-8b8913327ecb",
    "data": [
      {
        "text": "Moscow and ",
        "userDefined": false
      },
      {
        "text": "Denver",
        "meta": "@sys.ignore",
        "userDefined": false
      }
    ],
    "isTemplate": false,
    "count": 0,
    "updated": 0
  }
]