[
  {
    "id": "0813a446-ef95-4b0e-bdea-ffb55185a59c",
    "data": [
      {
        "text": "Move to question ",
        "userDefined": false
      },
      {
        "text": "2",
        "alias": "number",
        "meta": "@sys.number",
        "userDefined": false
      }
    ],
    "isTemplate": false,
    "count": 0,
    "updated": 0
  },
  {
    "id": "bd1b6db1-f022-488e-832e-29d03bbe6539",
    "data": [
      {
        "text": "Toledo",
        "alias": "geo-state",
        "meta": "@sys.geo-state",
        "userDefined": false
      }
    ],
    "isTemplate": false,
    "count": 0,
    "updated": 0
  }
]