[
  {
    "id": "53e2d1b1-370e-48e6-a8f6-33fd54f4131e",
    "data": [
      {
        "text": "18",
        "alias": "number",
        "meta": "@sys.number",
        "userDefined": false
      }
    ],
    "isTemplate": false,
    "count": 0,
    "updated": 0
  },
  {
    "id": "012ed05c-bd1d-4d6d-bc54-b58a6236283a",
    "data": [
      {
        "text": "26",
        "alias": "number",
        "meta": "@sys.number",
        "userDefined": false
      }
    ],
    "isTemplate": false,
    "count": 0,
    "updated": 0
  }
]