[
  {
    "id": "26cb2405-7fb4-43b0-9457-97a3e6dec8c3",
    "data": [
      {
        "text": "Move to question 4",
        "userDefined": false
      }
    ],
    "isTemplate": false,
    "count": 0,
    "updated": 0
  },
  {
    "id": "fbe626ca-330f-4867-85b3-2767155c3ad9",
    "data": [
      {
        "text": "Sergio",
        "userDefined": false
      }
    ],
    "isTemplate": false,
    "count": 0,
    "updated": 0
  },
  {
    "id": "c85eb4a7-db6c-45f0-91af-e96536116884",
    "data": [
      {
        "text": "Sergio Marquina",
        "userDefined": false
      }
    ],
    "isTemplate": false,
    "count": 0,
    "updated": 0
  }
]