[
  {
    "id": "ba7aeff2-8f0f-4488-8eb3-b3d9574ee302",
    "data": [
      {
        "text": "Spain",
        "alias": "geo-country",
        "meta": "@sys.geo-country",
        "userDefined": false
      }
    ],
    "isTemplate": false,
    "count": 0,
    "updated": 0
  },
  {
    "id": "ee9dc6a2-f30e-4aae-b80b-4e8132b5149c",
    "data": [
      {
        "text": "Barbados",
        "alias": "geo-country",
        "meta": "@sys.geo-country",
        "userDefined": false
      }
    ],
    "isTemplate": false,
    "count": 0,
    "updated": 0
  }
]