[
  {
    "id": "aede4341-c70d-4781-9b52-0e494bed75ba",
    "data": [
      {
        "text": "Season",
        "userDefined": false
      },
      {
        "text": "1",
        "alias": "number",
        "meta": "@sys.number",
        "userDefined": false
      }
    ],
    "isTemplate": false,
    "count": 0,
    "updated": 0
  },
  {
    "id": "a4728e02-8b6e-4665-91f6-98e7951f98a0",
    "data": [
      {
        "text": "Season ",
        "userDefined": false
      },
      {
        "text": "1",
        "alias": "number",
        "meta": "@sys.number",
        "userDefined": false
      }
    ],
    "isTemplate": false,
    "count": 0,
    "updated": 0
  }
]