[
  {
    "id": "19573a7f-ebbf-4907-a784-3e6ed9bbafa4",
    "data": [
      {
        "text": "Move to question ",
        "userDefined": false
      },
      {
        "text": "5",
        "alias": "number",
        "meta": "@sys.number",
        "userDefined": false
      }
    ],
    "isTemplate": false,
    "count": 0,
    "updated": 0
  },
  {
    "id": "a31da8ce-661c-4156-b9ea-3ffc48dadccb",
    "data": [
      {
        "text": "Raquel",
        "userDefined": false
      }
    ],
    "isTemplate": false,
    "count": 0,
    "updated": 0
  }
]