[
  {
    "id": "280b7391-2980-4c2c-a634-dad64aaf1858",
    "data": [
      {
        "text": "Season ",
        "userDefined": false
      },
      {
        "text": "2",
        "alias": "number",
        "meta": "@sys.number",
        "userDefined": false
      }
    ],
    "isTemplate": false,
    "count": 0,
    "updated": 0
  },
  {
    "id": "e1b2e654-ac63-4a77-905d-a1fcbba28114",
    "data": [
      {
        "text": "Season",
        "userDefined": false
      },
      {
        "text": "2",
        "alias": "number",
        "meta": "@sys.number",
        "userDefined": false
      }
    ],
    "isTemplate": false,
    "count": 0,
    "updated": 0
  }
]