[
  {
    "id": "579ae87c-6c13-4db7-b494-9e6333e98e7b",
    "data": [
      {
        "text": "Move to question ",
        "userDefined": false
      },
      {
        "text": "4",
        "alias": "answer",
        "meta": "@answer",
        "userDefined": false
      }
    ],
    "isTemplate": false,
    "count": 0,
    "updated": 0
  },
  {
    "id": "2da9b2ac-c3b5-4cb0-95e8-02927a86f398",
    "data": [
      {
        "text": "Canillas",
        "userDefined": false
      }
    ],
    "isTemplate": false,
    "count": 0,
    "updated": 0
  }
]