[
  {
    "id": "5105f8d2-9570-4721-b078-53d796231208",
    "data": [
      {
        "text": "Seven",
        "meta": "@sys.ignore",
        "userDefined": false
      }
    ],
    "isTemplate": false,
    "count": 0,
    "updated": 0
  },
  {
    "id": "1b3b4039-86a8-43c3-b657-07e817e2cfd3",
    "data": [
      {
        "text": "Ten",
        "meta": "@sys.ignore",
        "userDefined": false
      }
    ],
    "isTemplate": false,
    "count": 0,
    "updated": 0
  },
  {
    "id": "d78e210f-609a-45bd-8e88-0e17393c5d23",
    "data": [
      {
        "text": "Nine",
        "meta": "@sys.ignore",
        "userDefined": false
      }
    ],
    "isTemplate": false,
    "count": 0,
    "updated": 0
  }
]