[
  {
    "id": "e6b51ebb-f5cf-413a-a672-175fb36dd7e2",
    "data": [
      {
        "text": "Move to question ",
        "userDefined": false
      },
      {
        "text": "4",
        "alias": "number",
        "meta": "@sys.number",
        "userDefined": false
      }
    ],
    "isTemplate": false,
    "count": 0,
    "updated": 0
  },
  {
    "id": "684e5143-0c39-4bce-8a61-78dacf30466b",
    "data": [
      {
        "text": "8",
        "alias": "number",
        "meta": "@sys.number",
        "userDefined": false
      }
    ],
    "isTemplate": false,
    "count": 0,
    "updated": 0
  },
  {
    "id": "7dd609ef-e080-4646-943e-36f15e0e979b",
    "data": [
      {
        "text": "Eight",
        "alias": "number",
        "meta": "@sys.number",
        "userDefined": false
      }
    ],
    "isTemplate": false,
    "count": 0,
    "updated": 0
  }
]